<?xml version="1.0" encoding="UTF-8"?>
<project-private xmlns="http://www.netbeans.org/ns/project-private/1">
    <editor-bookmarks xmlns="http://www.netbeans.org/ns/editor-bookmarks/2" lastBookmarkId="0"/>
    <open-files xmlns="http://www.netbeans.org/ns/projectui-open-files/2">
        <group>
            <file>file:/C:/Users/florg/Documents/Tutoria/Segundo%20Semestre/Programacion%202/Trabajos%20Practicos%20Consignas%20y%20Resueltos/Unidad%205/Resolucion-TP5/Resolucion-TP5/src/resolucion/tp5/Ejercicio10/Main.java</file>
            <file>file:/C:/Users/florg/Documents/Tutoria/Segundo%20Semestre/Programacion%202/Trabajos%20Practicos%20Consignas%20y%20Resueltos/Unidad%205/Resolucion-TP5/Resolucion-TP5/src/resolucion/tp5/Ejercicio10/ClaveSeguridad.java</file>
            <file>file:/C:/Users/florg/Documents/Tutoria/Segundo%20Semestre/Programacion%202/Trabajos%20Practicos%20Consignas%20y%20Resueltos/Unidad%205/Resolucion-TP5/Resolucion-TP5/src/resolucion/tp5/Ejercicio1/Main.java</file>
            <file>file:/C:/Users/florg/Documents/Tutoria/Segundo%20Semestre/Programacion%202/Trabajos%20Practicos%20Consignas%20y%20Resueltos/Unidad%205/Resolucion-TP5/Resolucion-TP5/src/resolucion/tp5/Ejercicio11/Reproductor.java</file>
        </group>
    </open-files>
</project-private>
